-- Starter Sharplines content seed for a fresh Supabase project.
-- Run this after schema.sql in the Supabase SQL editor.
-- Safe to rerun: inserts use ON CONFLICT updates where possible.

insert into public.daily_cards (
  id,
  card_date,
  headline,
  summary,
  premium_intro,
  record_label,
  is_published
)
values
  (
    '11111111-1111-4111-8111-111111111111',
    '2026-03-16',
    'Daily Top Picks',
    'Four measured positions across college hoops and NBA totals, with one featured best bet and two locked premium edges.',
    'Premium members get the full card, unit sizing context, and extra matchup notes.',
    'Sample launch card',
    true
  ),
  (
    '22222222-2222-4222-8222-222222222222',
    '2026-03-14',
    'Saturday Card',
    'A controlled three-play card with two wins and one miss.',
    'Archived premium notes explain why the market read held up even on the loss.',
    '2-1, +1.7u',
    true
  ),
  (
    '33333333-3333-4333-8333-333333333333',
    '2026-03-13',
    'Friday Card',
    'Two basketball positions and one hold-your-nose NHL angle.',
    'This archive illustrates what a mixed-result day looks like without hiding the details.',
    '1-1-1, +0.1u',
    true
  ),
  (
    '44444444-4444-4444-8444-444444444444',
    '2026-03-12',
    'Thursday Card',
    'One of the cleaner boards of the week, graded 3-0.',
    'This card works well as archive proof because all three plays had clear role separation.',
    '3-0, +3.3u',
    true
  )
on conflict (id) do update set
  card_date = excluded.card_date,
  headline = excluded.headline,
  summary = excluded.summary,
  premium_intro = excluded.premium_intro,
  record_label = excluded.record_label,
  is_published = excluded.is_published,
  updated_at = now();

insert into public.picks (
  id,
  daily_card_id,
  date,
  event,
  sport,
  league,
  pick_title,
  bet_type,
  market,
  line,
  odds,
  sportsbook,
  start_time,
  confidence,
  units,
  short_summary,
  premium_teaser,
  premium_analysis,
  result,
  is_featured,
  sort_order
)
values
  (
    'aaaaaaa1-aaaa-4aaa-8aaa-aaaaaaaaaaa1',
    '11111111-1111-4111-8111-111111111111',
    '2026-03-16',
    'Duke vs. North Carolina',
    'Basketball',
    'NCAA',
    'Duke controls the half-court battle',
    'Spread',
    'Spread',
    'Duke -4.5',
    '-110',
    'FanDuel',
    '7:00 PM ET',
    'High',
    1.50,
    'Transition defense and late-game free throw profile support the favorite.',
    'Unlock the full matchup breakdown, injury context, and number threshold.',
    'Duke grades out better in the half-court and should create cleaner late-possession shots. The free throw edge matters late if this number stays under two possessions. Premium notes also cover how far the line can move before the edge disappears.',
    'pending',
    true,
    1
  ),
  (
    'aaaaaaa2-aaaa-4aaa-8aaa-aaaaaaaaaaa2',
    '11111111-1111-4111-8111-111111111111',
    '2026-03-16',
    'Knicks vs. Heat',
    'Basketball',
    'NBA',
    'Under in a slower-possession profile',
    'Total',
    'Total',
    'Under 218.5',
    '-108',
    'BetMGM',
    '7:30 PM ET',
    'Medium',
    1.00,
    'Both second units project a longer half-court game than the market implies.',
    'Members get the tempo notes, foul-rate context, and the live-bet pivot.',
    'This number still looks a touch rich if the Heat bench rotation stays intact. Premium members get the pace assumptions, why the foul environment matters here, and what would invalidate the under before tip.',
    'pending',
    false,
    2
  ),
  (
    'aaaaaaa3-aaaa-4aaa-8aaa-aaaaaaaaaaa3',
    '11111111-1111-4111-8111-111111111111',
    '2026-03-16',
    'Creighton vs. Marquette',
    'Basketball',
    'NCAA',
    'Rebounding prop in a volume matchup',
    'Player Prop',
    'Player Prop',
    'Kalkbrenner over 7.5 rebounds',
    '+102',
    'Fanatics',
    '9:10 PM ET',
    'Medium',
    1.00,
    'Projected shot profile creates extra defensive board chances.',
    'Premium unlocks the player-rotation angle and stat split notes.',
    'The matchup projects enough jump shooting to create rebound volume on both ends, but the best edge comes from how Marquette''s spacing shifts missed-shot geography. Members get the minute projection, matchup split, and the fallback number.',
    'pending',
    false,
    3
  ),
  (
    'aaaaaaa4-aaaa-4aaa-8aaa-aaaaaaaaaaa4',
    '11111111-1111-4111-8111-111111111111',
    '2026-03-16',
    'Maple Leafs vs. Rangers',
    'Hockey',
    'NHL',
    'Premium-only lean on early pace',
    'Total',
    'Total',
    'Over 6.5',
    '+100',
    'Caesars',
    '7:00 PM ET',
    'Lean',
    0.50,
    'The free card shows the headline, but the reason this stayed smaller is in the member notes.',
    'Unlock the goalie volatility angle and why this is a smaller unit lean.',
    'This is the classic example of a play that belongs in the premium card but not in the public hero. Members see exactly why the goaltending uncertainty keeps this at half a unit and how to react if the number moves.',
    'pending',
    false,
    4
  ),
  (
    'bbbbbbb1-bbbb-4bbb-8bbb-bbbbbbbbbbb1',
    '22222222-2222-4222-8222-222222222222',
    '2026-03-14',
    'Purdue vs. Illinois',
    'Basketball',
    'NCAA',
    'Interior edge for Purdue',
    'Spread',
    'Spread',
    'Purdue -3.5',
    '-112',
    'DraftKings',
    '3:40 PM ET',
    'High',
    1.50,
    'Interior matchup and turnover margin projected well.',
    'See how the number compared to the model close.',
    'This was a good example of the card landing inside the projection window. Premium archive notes detail the close-line value and where the free throw edge really showed up.',
    'win',
    true,
    1
  ),
  (
    'bbbbbbb2-bbbb-4bbb-8bbb-bbbbbbbbbbb2',
    '22222222-2222-4222-8222-222222222222',
    '2026-03-14',
    'Lakers vs. Suns',
    'Basketball',
    'NBA',
    'Pace-up total angle',
    'Total',
    'Total',
    'Over 231.5',
    '-110',
    'FanDuel',
    '8:10 PM ET',
    'Medium',
    1.00,
    'Spot favored pace increase, but the finishing variance never arrived.',
    'Premium notes show why this loss still fit the process.',
    'The handicap was sound even though the game underperformed late. The archive explains which assumptions were right, which were wrong, and why the result still matters less than the number quality.',
    'loss',
    false,
    2
  ),
  (
    'bbbbbbb3-bbbb-4bbb-8bbb-bbbbbbbbbbb3',
    '22222222-2222-4222-8222-222222222222',
    '2026-03-14',
    'Houston vs. Iowa State',
    'Basketball',
    'NCAA',
    'Fast-start first half angle',
    'First Half',
    'First half spread',
    'Houston -2.5',
    '+100',
    'BetRivers',
    '1:00 PM ET',
    'Medium',
    1.00,
    'Expected stronger opening stretch and rebound edge.',
    'Members can review the closing value and first-half script.',
    'The archive explains why Houston graded as the better early-game team and how the market lagged the expected opening pace.',
    'win',
    false,
    3
  ),
  (
    'ccccccc1-cccc-4ccc-8ccc-ccccccccccc1',
    '33333333-3333-4333-8333-333333333333',
    '2026-03-13',
    'Arizona vs. Oregon',
    'Basketball',
    'NCAA',
    'Offense-led total read',
    'Total',
    'Total',
    'Over 147.5',
    '-110',
    'BetMGM',
    '9:00 PM ET',
    'Medium',
    1.00,
    'The number landed on the key and graded as a push.',
    'Premium archive notes explain the closing movement.',
    'This was close to the final threshold and the archive shows why the market movement mattered more than the raw result.',
    'push',
    false,
    1
  ),
  (
    'ccccccc2-cccc-4ccc-8ccc-ccccccccccc2',
    '33333333-3333-4333-8333-333333333333',
    '2026-03-13',
    'Mavericks vs. Clippers',
    'Basketball',
    'NBA',
    'Underdog moneyline shot',
    'Moneyline',
    'Moneyline',
    'Clippers ML',
    '+118',
    'Fanatics',
    '10:30 PM ET',
    'Lean',
    1.00,
    'Half-court creation edge carried through in the fourth quarter.',
    'See why the price mattered more than the side.',
    'Members can review the underdog threshold and the matchup-specific creation advantages that made this playable only at plus money.',
    'win',
    false,
    2
  ),
  (
    'ccccccc3-cccc-4ccc-8ccc-ccccccccccc3',
    '33333333-3333-4333-8333-333333333333',
    '2026-03-13',
    'Bruins vs. Panthers',
    'Hockey',
    'NHL',
    'Smaller-unit road dog angle',
    'Moneyline',
    'Moneyline',
    'Bruins ML',
    '+124',
    'Caesars',
    '7:00 PM ET',
    'Lean',
    1.00,
    'Shot volume was there, finish was not.',
    'The archive explains why this stayed a lean, not a feature play.',
    'The premium notes break down the price sensitivity and why the matchup stayed in the smaller-unit bucket despite a decent projection.',
    'loss',
    false,
    3
  ),
  (
    'ddddddd1-dddd-4ddd-8ddd-ddddddddddd1',
    '44444444-4444-4444-8444-444444444444',
    '2026-03-12',
    'Tennessee vs. Florida',
    'Basketball',
    'NCAA',
    'Dog in a defense-led matchup',
    'Spread',
    'Spread',
    'Tennessee +2.5',
    '-105',
    'FanDuel',
    '2:30 PM ET',
    'High',
    1.00,
    'Defensive shot quality and matchup profile pointed to the dog.',
    'Archive notes show how the market moved late.',
    'The premium notes detail how Tennessee''s defensive shape controlled the game and why the number stayed playable through the close.',
    'win',
    false,
    1
  ),
  (
    'ddddddd2-dddd-4ddd-8ddd-ddddddddddd2',
    '44444444-4444-4444-8444-444444444444',
    '2026-03-12',
    'Pelicans vs. Kings',
    'Basketball',
    'NBA',
    'Travel spot under',
    'Total',
    'Total',
    'Under 229.5',
    '-110',
    'BetMGM',
    '10:00 PM ET',
    'High',
    1.30,
    'Half-court dependency and travel fatigue shaped the under.',
    'Premium members can see why the foul environment mattered here.',
    'The archive spells out the travel profile, the half-court assumptions, and how this fit the best-bet bucket.',
    'win',
    true,
    2
  ),
  (
    'ddddddd3-dddd-4ddd-8ddd-ddddddddddd3',
    '44444444-4444-4444-8444-444444444444',
    '2026-03-12',
    'Michigan State vs. Wisconsin',
    'Basketball',
    'NCAA',
    'Player prop under in a slow-possession spot',
    'Player Prop',
    'Player Prop',
    'Walker under 16.5 points',
    '+105',
    'BetRivers',
    '8:00 PM ET',
    'Medium',
    1.00,
    'Possession environment and defensive matchup both pointed under.',
    'Review the shot volume assumptions in the archive.',
    'Premium archive notes explain the pace environment, matchup-specific defender notes, and why the plus-money price made the under stronger.',
    'win',
    false,
    3
  )
on conflict (id) do update set
  daily_card_id = excluded.daily_card_id,
  date = excluded.date,
  event = excluded.event,
  sport = excluded.sport,
  league = excluded.league,
  pick_title = excluded.pick_title,
  bet_type = excluded.bet_type,
  market = excluded.market,
  line = excluded.line,
  odds = excluded.odds,
  sportsbook = excluded.sportsbook,
  start_time = excluded.start_time,
  confidence = excluded.confidence,
  units = excluded.units,
  short_summary = excluded.short_summary,
  premium_teaser = excluded.premium_teaser,
  premium_analysis = excluded.premium_analysis,
  result = excluded.result,
  is_featured = excluded.is_featured,
  sort_order = excluded.sort_order,
  updated_at = now();

insert into public.articles (
  slug,
  title,
  excerpt,
  category,
  published_at,
  reading_time,
  hero_kicker,
  content
)
values
  (
    'how-to-read-a-daily-betting-card',
    'How To Read A Daily Betting Card Without Chasing Every Game',
    'A framework for understanding top picks, leans, confidence, and why fewer plays can still make a better card.',
    'Strategy',
    'March 10, 2026',
    '6 min read',
    'Card Strategy',
    array[
      'The best betting card is rarely the biggest one. A sharper card is usually a filtered one, where the strongest reads survive and the rest stay on the cutting-room floor.',
      'That is why premium picks brands should separate best bets, standard plays, and smaller leans. The labels help users understand conviction without confusing volume for edge.',
      'A disciplined card also makes post-result review easier. You can see whether the strongest opinions actually deserved the biggest exposure, which helps keep the product accountable over time.'
    ]
  ),
  (
    'what-makes-a-sportsbook-review-useful',
    'What Makes A Sportsbook Review Useful For Real Bettors',
    'The difference between a filler affiliate review and a genuinely useful operator breakdown.',
    'Reviews',
    'March 9, 2026',
    '5 min read',
    'Sportsbook Reviews',
    array[
      'A useful sportsbook review should tell users what the product feels like, what kinds of markets it handles well, and where the operator fits compared to alternatives.',
      'It should not overhype promos or imply a bettor will profit simply by signing up. Strong review content is grounded, factual, and clear about tradeoffs.',
      'For a media brand, sportsbook reviews should support trust. They work best when they feel editorial first and monetized second.'
    ]
  ),
  (
    'tracking-results-without-hiding-the-losses',
    'Tracking Results Without Hiding The Losses',
    'Why transparent records matter if you want your premium picks brand to look real.',
    'Transparency',
    'March 8, 2026',
    '4 min read',
    'Accountability',
    array[
      'A public record matters because it signals process confidence, not perfection. Serious users know losses happen. What they care about is whether a brand hides them.',
      'A strong record tracker shows the full story: wins, losses, pushes, units, and sport-by-sport context. That makes the premium offer easier to trust.',
      'When your site leads with transparency, the rest of the sales copy does not have to sound exaggerated.'
    ]
  )
on conflict (slug) do update set
  title = excluded.title,
  excerpt = excluded.excerpt,
  category = excluded.category,
  published_at = excluded.published_at,
  reading_time = excluded.reading_time,
  hero_kicker = excluded.hero_kicker,
  content = excluded.content,
  updated_at = now();

insert into public.guides (
  slug,
  title,
  excerpt,
  category,
  published_at,
  reading_time,
  hero_kicker,
  content
)
values
  (
    'best-sportsbook-apps-for-beginners',
    'Best Sportsbook Apps For Beginners',
    'A beginner-friendly guide to the major U.S. sportsbook apps and what matters most when choosing one.',
    'Beginner Guide',
    'March 7, 2026',
    '7 min read',
    'Betting Guides',
    array[
      'The best app for a beginner is usually the one with the clearest interface, solid market depth, and enough brand trust to make the experience feel stable instead of overwhelming.',
      'New bettors should care less about hype and more about usability, market availability, and how clearly an app presents odds, bet slips, and grading.',
      'A strong beginner guide should compare apps calmly, explain tradeoffs, and remind readers that offers, terms, and availability vary by state.'
    ]
  ),
  (
    'fanduel-vs-draftkings',
    'FanDuel Vs DraftKings',
    'A side-by-side look at two of the most familiar U.S. sportsbook brands for mainstream bettors.',
    'Comparison',
    'March 6, 2026',
    '6 min read',
    'Betting Guides',
    array[
      'FanDuel and DraftKings are often the first two names bettors compare because both have national recognition and broad event coverage.',
      'The most useful comparison is not which brand is universally better, but which one fits the bettor''s preferred interface, market menu, and review priorities.',
      'A good comparison page stays neutral, explains app feel and market depth, and avoids overpromising promo value.'
    ]
  ),
  (
    'how-welcome-offers-work',
    'How Welcome Offers Work',
    'A straightforward guide to the structure of sportsbook welcome offers without hype or unrealistic framing.',
    'Offers Explained',
    'March 5, 2026',
    '5 min read',
    'Betting Guides',
    array[
      'Welcome offers vary by operator, state, and time. The useful question is not whether an offer sounds large, but what the terms, limits, and eligibility rules actually say.',
      'Readers should understand that welcome offers do not change the underlying risk of betting, and they should never be described as guaranteed value or automatic profit.',
      'A credible guide explains how to read offer terms calmly and where operator-specific restrictions usually matter.'
    ]
  ),
  (
    'what-american-odds-mean',
    'What American Odds Mean',
    'An easy explanation of plus and minus odds, implied payout, and why price matters more than just picking winners.',
    'Odds Basics',
    'March 4, 2026',
    '4 min read',
    'Betting Guides',
    array[
      'American odds tell you both payout structure and implied price. Positive numbers show underdog return, while negative numbers show favorite cost.',
      'The real lesson is that betting is a price-driven activity. Two bettors can like the same side but only one can have a worthwhile number.',
      'A clean odds explainer helps newer readers understand why line shopping and number discipline matter.'
    ]
  ),
  (
    'parlay-guide',
    'Parlay Guide',
    'What parlays are, why they appeal to bettors, and how to think about them responsibly.',
    'Bet Type Guide',
    'March 3, 2026',
    '6 min read',
    'Betting Guides',
    array[
      'Parlays combine multiple outcomes into one ticket, which increases payout potential and difficulty at the same time.',
      'A credible guide should explain why parlays are popular without presenting them as a shortcut to easy results.',
      'The best educational framing is to help readers understand risk concentration, correlation, and price sensitivity.'
    ]
  ),
  (
    'bankroll-management-basics',
    'Bankroll Management Basics',
    'A foundational guide to units, exposure control, and why disciplined sizing matters more than streak chasing.',
    'Strategy',
    'March 2, 2026',
    '6 min read',
    'Betting Guides',
    array[
      'Bankroll management is what turns betting content into a repeatable framework instead of emotional guessing.',
      'Unit sizing helps create consistency across plays and makes record tracking more useful over time.',
      'A good beginner strategy guide should emphasize preservation, pacing, and self-control instead of hype.'
    ]
  ),
  (
    'how-to-read-betting-lines',
    'How To Read Betting Lines',
    'A practical guide to spreads, totals, moneylines, and what each market is actually asking you to bet.',
    'Line Reading',
    'March 1, 2026',
    '5 min read',
    'Betting Guides',
    array[
      'Reading betting lines starts with understanding what the market measures: margin, total points, or straight-up outcome.',
      'Most new bettors improve quickly once they stop seeing lines as predictions and start seeing them as prices attached to specific market assumptions.',
      'A strong line-reading guide should stay practical and avoid jargon overload.'
    ]
  ),
  (
    'best-betting-apps-by-user-type',
    'Best Betting Apps By User Type',
    'A framework for matching different sportsbook apps to different types of bettors and browsing styles.',
    'App Guides',
    'February 28, 2026',
    '7 min read',
    'Betting Guides',
    array[
      'Not every sportsbook fits every bettor. Some users care most about a clean app, others about niche markets, and others about mainstream familiarity.',
      'A useful guide categorizes operator strengths without sounding like a hard sell for any single book.',
      'This kind of page supports affiliate strategy best when it stays editorial, comparative, and honest about tradeoffs.'
    ]
  )
on conflict (slug) do update set
  title = excluded.title,
  excerpt = excluded.excerpt,
  category = excluded.category,
  published_at = excluded.published_at,
  reading_time = excluded.reading_time,
  hero_kicker = excluded.hero_kicker,
  content = excluded.content,
  updated_at = now();

insert into public.sportsbooks (
  slug,
  name,
  featured_offer_text,
  summary,
  review_bullets,
  affiliate_url,
  disclaimer,
  overview,
  pros,
  cons,
  user_experience,
  markets_offered,
  payment_methods,
  best_for,
  promo_summary
)
values
  (
    'fanduel',
    'FanDuel',
    'Mainstream operator with broad brand recognition and a familiar market layout.',
    'FanDuel works as a credibility anchor on the site because nearly every bettor recognizes the brand and understands what it represents in the market.',
    array['Broad market coverage for major sports', 'Strong brand familiarity for new bettors', 'Useful benchmark when comparing other books'],
    '#',
    'Odds, offers, terms, and legal availability vary by state and operator. Review the latest operator terms before publishing live.',
    'FanDuel is a recognizable national sportsbook that makes sense as a first-stop option for users who value a familiar interface and broad mainstream market depth.',
    array['Recognizable brand', 'Clean navigation', 'Broad US market coverage'],
    array['Pricing can be less aggressive in some markets', 'Regional availability varies'],
    'The interface is approachable and easy to navigate, which makes FanDuel useful for both casual visitors and content-driven comparison guides.',
    'Spreads, totals, moneylines, player props, same-game parlays, and live markets.',
    'Card, ACH, PayPal, and operator-supported digital wallet options where available.',
    'Users who want a familiar brand and a straightforward all-around sportsbook experience.',
    'Use neutral promo language only. Do not imply guaranteed outcomes or overstate the value of any offer.'
  ),
  (
    'draftkings',
    'DraftKings',
    'A large-name sportsbook with deep menu coverage and strong user familiarity.',
    'DraftKings belongs in the review stack because it is one of the core names users expect to see on a legitimate US betting media property.',
    array['Major national recognition', 'Strong menu depth across leagues', 'Fits comparison and beginner review content'],
    '#',
    'Odds, offers, terms, and legal availability vary by state and operator. Review the latest operator terms before publishing live.',
    'DraftKings is a natural inclusion for any US-facing sportsbook review section because it combines broad recognition with a deep market menu that appeals to many sports bettors.',
    array['Strong event menu', 'Recognized national brand', 'Useful for broad audience content'],
    array['Odds value can vary by market', 'Not available in every state'],
    'DraftKings gives users a familiar betting interface with a large range of markets, making it a natural review target for content-first media sites.',
    'Core pregame markets, live betting, props, parlays, and specialty content depending on state.',
    'Standard deposit and withdrawal methods vary by state and operator support.',
    'Visitors looking for a recognizable brand with broad menu depth and mainstream appeal.',
    'Promo summaries should stay neutral, factual, and compliant. Avoid hype or language suggesting easy profits.'
  ),
  (
    'betmgm',
    'BetMGM',
    'Established all-around sportsbook with strong market range and recognizable branding.',
    'BetMGM rounds out the review stack with another top-tier operator that helps the site feel broad, current, and business-ready.',
    array['High brand familiarity', 'Useful market depth for comparison content', 'Strong secondary trust signal on affiliate pages'],
    '#',
    'Odds, offers, terms, and legal availability vary by state and operator. Review the latest operator terms before publishing live.',
    'BetMGM is a recognizable sportsbook brand with wide market coverage and a stable position in US-facing betting content ecosystems.',
    array['Recognizable brand', 'Solid all-around market range', 'Useful for comparison guides'],
    array['Offer language changes by market', 'Availability and features vary by state'],
    'BetMGM feels familiar to many sports bettors and works well inside broad review pages that compare mainstream operators.',
    'Major market types, live betting, props, and parlay content where supported.',
    'Operator-supported banking methods vary by state and account eligibility.',
    'Users who want another mainstream national option with a broad feature set.',
    'Keep promotional copy neutral and current. Include terms, limits, and state-specific caveats.'
  ),
  (
    'caesars',
    'Caesars',
    'A recognizable national operator with broad awareness and rewards-driven brand identity.',
    'Caesars helps complete the major-book coverage story and gives the affiliate section a more credible full-market feel.',
    array['Strong national brand recognition', 'Supports a more complete review library', 'Good fit for rewards-focused comparison content'],
    '#',
    'Odds, offers, terms, and legal availability vary by state and operator. Review the latest operator terms before publishing live.',
    'Caesars is a useful review inclusion for bettors who care about big-brand familiarity and a recognized rewards ecosystem.',
    array['Big-brand recognition', 'Useful in comparison content', 'Strong awareness among US bettors'],
    array['Feature depth varies by market', 'Availability depends on state'],
    'Caesars is easy to understand as part of a broader review library and helps reinforce that the site covers legitimate mainstream operators.',
    'Standard pregame and live markets with content varying by jurisdiction.',
    'Banking options differ based on state, operator rules, and account eligibility.',
    'Users who prefer a widely recognized national brand with reward-oriented positioning.',
    'Summarize promos factually. Avoid framing any offer as low-risk, no-risk, or guaranteed value.'
  ),
  (
    'fanatics',
    'Fanatics',
    'Fast-growing brand presence that fits both operator coverage and partnership positioning.',
    'Fanatics is strategically important for this platform because it supports the broader business story without overshadowing the premium picks product.',
    array['Useful strategic operator to feature prominently', 'Supports media-brand credibility', 'Fits premium review and comparison modules'],
    '#',
    'Odds, offers, terms, and legal availability vary by state and operator. Review the latest operator terms before publishing live.',
    'Fanatics is a strong addition to the operator stack because it gives the site a current, growth-oriented sportsbook brand that still fits a premium media aesthetic.',
    array['Current brand momentum', 'Strategic partnership relevance', 'Strong review-page fit'],
    array['State footprint varies', 'Offer details change frequently'],
    'Fanatics fits well in a content-led affiliate section because it feels current, recognized, and strategically aligned with a modern sports-media brand.',
    'Core sportsbook markets and bet types vary by state and product rollout.',
    'Payment options depend on state support and operator account settings.',
    'Users who want to compare another recognizable sportsbook brand in the national mix.',
    'Promo summaries should stay factual, current, and compliant with affiliate terms.'
  )
on conflict (slug) do update set
  name = excluded.name,
  featured_offer_text = excluded.featured_offer_text,
  summary = excluded.summary,
  review_bullets = excluded.review_bullets,
  affiliate_url = excluded.affiliate_url,
  disclaimer = excluded.disclaimer,
  overview = excluded.overview,
  pros = excluded.pros,
  cons = excluded.cons,
  user_experience = excluded.user_experience,
  markets_offered = excluded.markets_offered,
  payment_methods = excluded.payment_methods,
  best_for = excluded.best_for,
  promo_summary = excluded.promo_summary,
  updated_at = now();
